step,halt_step,loss_segment,v17_loss,b_only_loss,v17_accuracy,b_only_accuracy,v17_exact,b_only_exact
250,240,10,1.5337,1.4816172122955322,0.4416,0.4635416865348816,0.0,0.0
500,496,4,1.2932,1.3403664827346802,0.5078,0.49893906712532043,0.0,0.0
750,736,14,1.1321,1.1744753122329712,0.5425,0.5452353954315186,0.0,0.0
1000,992,8,1.0902,1.1708773374557495,0.584,0.5881558656692505,0.0,0.0
1250,1248,2,1.0771,1.2879395484924316,0.6291,0.6575038433074951,0.0,0.0
1500,1488,12,0.8812,0.9244035482406616,0.6783,0.7282986044883728,0.0,0.0
1750,1744,6,0.9042,0.9715762138366699,0.7275,0.8266782760620117,0.0,0.015625
2000,2000,16,0.5911,0.4104565978050232,0.779,0.8941936492919922,0.0,0.0625
2250,2240,10,0.775,0.6940293312072754,0.7664,0.9260224103927612,0.0078,0.078125
2500,2496,4,0.8659,0.9739812612533569,0.7593,0.9135802984237671,0.0078,0.0625
2750,2736,14,0.6909,0.41168248653411865,0.8015,0.961998462677002,0.0156,0.3671875
3000,2992,8,0.7523,0.670374870300293,0.7563,0.951196014881134,0.0234,0.2734375
3250,3248,2,0.8674,0.9679518342018127,0.806,0.956693708896637,0.0234,0.296875
3500,3488,12,0.6805,0.5413360595703125,0.7818,0.9571759700775146,0.0156,0.40625
3750,3744,6,0.8276,0.8851736783981323,0.8056,0.9554398059844971,0.0391,0.3515625
4000,4000,16,0.5962,0.3646067976951599,0.7867,0.9173418283462524,0.0312,0.203125
4250,4240,10,0.7537,0.6975082755088806,0.8193,0.9136767387390137,0.0312,0.3046875
4500,4496,4,0.8975,0.9696151614189148,0.8297,0.9148341417312622,0.0469,0.171875
4750,4736,14,0.6968,0.464827299118042,0.8338,0.9010417461395264,0.0625,0.1640625
5000,4992,8,0.7631,0.7672029733657837,0.801,0.8991127014160156,0.0391,0.09375
5250,5248,2,0.8352,0.9773013591766357,0.7789,0.9265046715736389,0.0156,0.265625
5500,5488,12,0.6838,0.6351608633995056,0.8215,0.9188850522041321,0.0469,0.21875
5750,5744,6,0.8242,0.8116394281387329,0.8322,0.9012346267700195,0.0703,0.21875
6000,6000,16,0.5437,0.4336521327495575,0.8166,0.8997878432273865,0.0078,0.1015625
6250,6240,10,0.7097,0.6345842480659485,0.8226,0.891493022441864,0.0938,0.28125
6500,6496,4,0.8666,0.9619388580322266,0.8131,0.8801119327545166,0.0156,0.078125
6750,6736,14,0.5673,0.4136970639228821,0.7972,0.8924576044082642,0.0234,0.171875
7000,6992,8,0.7243,0.7236421704292297,0.8191,0.8991127014160156,0.0859,0.2734375
7250,7248,2,0.8486,0.9376963973045349,0.8314,0.9324845671653748,0.125,0.3671875
7500,7488,12,0.6786,0.530072033405304,0.8421,0.9334490895271301,0.1328,0.3984375
7750,7744,6,0.8412,0.8408951163291931,0.8304,0.895061731338501,0.0938,0.2265625
8000,8000,16,0.458,0.33157864212989807,0.8447,0.915123462677002,0.2109,0.3046875
8250,8240,10,0.6889,0.5846685171127319,0.8357,0.862750768661499,0.125,0.1015625
8500,8496,4,0.8622,0.8752810955047607,0.8517,0.870563268661499,0.1328,0.2109375
8750,8736,14,0.5684,0.433758407831192,0.7606,0.8742284178733826,0.0078,0.1796875
9000,8992,8,0.7313,0.6974226832389832,0.8171,0.921875,0.0938,0.3828125
9250,9248,2,0.8047,0.8957123160362244,0.8188,0.8910108208656311,0.125,0.25
9500,9488,12,0.6875,0.5796518325805664,0.826,0.8828125,0.1094,0.25
9750,9744,6,0.739,0.7748652100563049,0.7456,0.8641011118888855,0.0312,0.140625
10000,10000,16,0.4817,0.46343839168548584,0.8351,0.8655478954315186,0.1172,0.171875
10250,10240,10,0.6509,0.5976500511169434,0.8052,0.8694058656692505,0.0703,0.203125
10500,10496,4,0.8265,1.0329017639160156,0.8061,0.8984375,0.0938,0.40625
10750,10736,14,0.636,0.5019972324371338,0.8541,0.9170525074005127,0.2812,0.3203125
11000,10992,8,0.7798,0.7278393507003784,0.8324,0.8709490895271301,0.1953,0.140625
11250,11248,2,0.789,0.9000247716903687,0.8025,0.8997877836227417,0.0781,0.3125
11500,11488,12,0.6904,0.4753928780555725,0.8326,0.8065201044082642,0.2188,0.03125
11750,11744,6,0.7784,0.7971532344818115,0.7889,0.8847415447235107,0.0312,0.359375
12000,12000,16,0.5337,0.3914102613925934,0.8063,0.8739390969276428,0.0859,0.3046875
12250,12240,10,0.6955,0.6002535223960876,0.8164,0.8344907760620117,0.1562,0.1875
12500,12496,4,0.7928,0.8348081111907959,0.8054,0.8591821193695068,0.0859,0.1640625
12750,12736,14,0.4029,0.5739179253578186,0.7862,0.9056712985038757,0.1094,0.4453125
13000,12992,8,0.7774,0.7130637168884277,0.8162,0.8789544701576233,0.0859,0.28125
13250,13248,2,0.808,0.8120604157447815,0.8162,0.8173225522041321,0.1641,0.0625
13500,13488,12,0.672,0.6204202175140381,0.8252,0.8961226940155029,0.1406,0.3203125
13750,13744,6,0.7855,0.7961327433586121,0.7968,0.8265818357467651,0.0547,0.09375
14000,14000,16,0.4912,0.42059439420700073,0.8266,0.8617863059043884,0.1406,0.265625
14250,14240,10,0.6859,0.6381523013114929,0.8398,0.9053819179534912,0.2422,0.4375
14500,14496,4,0.7837,0.7972123026847839,0.832,0.8376736640930176,0.2344,0.1171875
14750,14736,14,0.4983,0.4427049160003662,0.8089,0.8824267387390137,0.0625,0.234375
15000,14992,8,0.8168,0.6660200357437134,0.8677,0.8559992909431458,0.2656,0.203125
15250,15248,2,0.7993,0.821374773979187,0.8071,0.8469328880310059,0.1172,0.2109375
15500,15488,12,0.6417,0.5559009909629822,0.7921,0.8451967835426331,0.0547,0.1640625
15750,15744,6,0.765,0.7299937605857849,0.8107,0.8632330894470215,0.1328,0.2421875
16000,16000,16,0.5288,0.47513455152511597,0.819,0.8390239477157593,0.0859,0.1796875
16250,16240,10,0.699,0.7170475721359253,0.8446,0.8486689925193787,0.2812,0.1875
16500,16496,4,0.7768,0.8946080803871155,0.7847,0.9020061492919922,0.0703,0.40625
16750,16736,14,0.5807,0.5095837116241455,0.8431,0.9025848507881165,0.2578,0.4453125
17000,16992,8,0.7213,0.678329586982727,0.8265,0.8752893805503845,0.1875,0.3203125
17250,17248,2,0.8144,0.890956461429596,0.8116,0.8745177984237671,0.1016,0.3359375
17500,17488,12,0.6215,0.603317379951477,0.8388,0.891685962677002,0.2266,0.328125
17750,17744,6,0.8241,0.7738949656486511,0.8462,0.9119406342506409,0.2734,0.453125
18000,18000,16,0.4336,0.4231516122817993,0.8477,0.8660300970077515,0.2578,0.2109375
18250,18240,10,0.6403,0.6103796362876892,0.8217,0.8316936492919922,0.2266,0.1171875
