start_exclusive,end_inclusive,complete,matched_samples,v17_loss,b_only_loss,v17_accuracy,b_only_accuracy,v17_exact,b_only_exact,b_only_all_segment_loss,b_only_terminal_loss,b_only_terminal_accuracy,b_only_terminal_exact
0,2000,True,8,1.06285,1.095214031636715,0.6112249999999999,0.6503182984888554,0.0,0.009765625,1.2181024337112905,1.0597066702842712,0.6111743955016136,0.0040625
2000,4000,True,8,0.756975,0.6886420398950577,0.78295,0.9424310624599457,0.0204875,0.2548828125,0.7195509005486965,0.3291239330768585,0.9366551156044006,0.209375
4000,6000,True,8,0.74975,0.7196134366095066,0.816625,0.9093846902251244,0.040037500000000004,0.1923828125,0.7081993042007089,0.3546655272245407,0.9205409135818482,0.2496875
6000,8000,True,8,0.7117875,0.6717630662024021,0.825075,0.9049117639660835,0.09765,0.2626953125,0.6980673549026251,0.3734979500770569,0.9041481695175171,0.2543125
8000,10000,True,8,0.6954625,0.6630998067557812,0.8113250000000001,0.879111222922802,0.09277500000000001,0.2109375,0.7204317393451929,0.41821664810180664,0.8777924569845199,0.2406875
10000,12000,True,8,0.7105875,0.6780461929738522,0.8160125,0.8776041865348816,0.13182500000000003,0.259765625,0.6910323197096586,0.40609630370140076,0.875713755607605,0.262
12000,14000,True,8,0.6781625,0.6714063808321953,0.811125,0.8600140064954758,0.117175,0.2275390625,0.6901716133654118,0.4176115515232086,0.8656427617073059,0.2585
14000,16000,True,8,0.6899375,0.6408117040991783,0.8221625,0.859483540058136,0.1494125,0.2236328125,0.67514840310812,0.41535235810279847,0.8628549561500549,0.2674375
16000,18000,True,8,0.683925,0.6863611713051796,0.8303999999999999,0.8840904831886292,0.207025,0.3359375,0.6651656462550163,0.40562072706222535,0.8652708525657654,0.2835625
18000,18260,False,1,0.6403,0.6103796362876892,0.8217,0.8316936492919922,0.2266,0.1171875,0.6499887367853752,0.38149707950651646,0.8719618245959282,0.314453125
