d,past_associations,key_common_component,independent_key_expected_noise_rms,numeric_rank_mean,participation_rank_mean,reconstruction_error,history_to_signal_rms,negative_history_projection_fraction,relative_read_error_mean,relative_read_error_se,cosine_to_target_mean,cosine_to_target_se,history_signed_projection_mean,history_signed_projection_se
16,0,0.0,0.0,1.0,1.0,2.220446049250313e-16,0.0,0.0,0.0,0.0,1.0,7.917520541381145e-18,0.0,0.0
16,1,0.0,0.25,2.0,1.8431171810020195,2.498001805406602e-16,0.255936227649616,0.46875,0.20327093423947906,0.009738599149760075,0.9729546517295998,0.002209298218533811,0.0051011104346459085,0.0037594291994955844
16,2,0.0,0.3535533905932738,3.0,2.4508314405497513,2.7755575615628914e-16,0.36799152350336595,0.48828125,0.33233535644222967,0.00989572540490056,0.9442112245165389,0.0028173457647517786,0.002524130413530284,0.005568275614867345
16,8,0.0,0.7071067811865476,9.0,4.29762189201287,3.3306690738754696e-16,0.7158888827075318,0.51171875,0.688766077026059,0.012223119129919365,0.8241905005686972,0.005193283866653074,-0.0017317796113280218,0.011093105299985992
16,16,0.0,1.0,16.0,5.827679864579324,3.608224830031759e-16,1.0042442810143564,0.53515625,0.9808574242055785,0.013492959577503915,0.7043664739535147,0.0075449040974919605,-0.022944845708626614,0.01592836451379749
16,32,0.0,1.4142135623730951,16.0,6.899949911673833,5.551115123125783e-16,1.4122001667292783,0.5078125,1.385539847723332,0.01710276222169372,0.5725757337805942,0.009938340312943042,-0.020040779789595002,0.022079350602579234
16,64,0.0,2.0,16.0,7.225522045192082,1.1102230246251565e-15,2.02590308188372,0.55078125,1.994524573571144,0.02224242744958819,0.42708513964184747,0.01208120228631747,-0.040448173343144954,0.030489479479743377
16,0,0.5,,1.0,1.0,2.220446049250313e-16,0.0,0.0,0.0,0.0,1.0,8.198703031110398e-18,0.0,0.0
16,1,0.5,,2.0,1.4428135011933259,2.498001805406602e-16,0.5,0.48828125,0.5,6.794532630500006e-18,0.8978186099436821,0.0014265829114156797,0.0025591840837171677,0.008439257731232597
16,2,0.5,,3.0,1.8637629602170547,2.7755575615628914e-16,0.7072655116287427,0.51171875,0.7019755055015323,0.005406928603457185,0.8200310170400229,0.003806020061654464,0.005074482283462748,0.01139735374945196
16,8,0.5,,9.0,3.753881314948544,4.440892098500626e-16,1.4177047428669183,0.5,1.4010393493298872,0.013572677221801954,0.5737926607082324,0.009748439744409199,0.004408125714598357,0.022644650897693165
16,16,0.5,,16.0,4.9116634710319165,6.661338147750939e-16,1.9872839839204963,0.546875,1.9631356065306371,0.01934173817832442,0.4286410295284362,0.012029247582480564,-0.037912519242347315,0.03163990855722734
16,32,0.5,,16.0,5.408153375007832,1.3322676295501878e-15,2.8138505095152824,0.53515625,2.7750351271034814,0.02916718094165167,0.31682192809199106,0.013985704404132843,-0.03977931916705007,0.04580549844779579
16,64,0.5,,16.0,6.152501119855101,3.1086244689504383e-15,3.9561254737850517,0.51953125,3.8959794098133167,0.04303547112633267,0.23526824715055,0.014535428362499105,-0.036909080941739815,0.06220377069719251
16,0,0.9,,1.0,1.0,2.220446049250313e-16,0.0,0.0,0.0,0.0,1.0,7.917520541381145e-18,0.0,0.0
16,1,0.9,,2.0,1.1063800262043897,5.551115123125783e-16,0.9000000000000001,0.46484375,0.9000000000000001,1.0732108988488948e-17,0.7459230540524969,0.004627616249701383,0.018286012801230312,0.013879310674245708
16,2,0.9,,3.0,1.2020969908466688,3.3306690738754696e-16,1.2695855366609636,0.48046875,1.2583174184959403,0.01056904640891523,0.6249728246614765,0.008549008131321536,0.026821002680458082,0.01997235365185453
16,8,0.9,,9.0,1.4973040097877526,6.661338147750939e-16,2.52863929630971,0.5,2.494902675848762,0.025780166330283374,0.3696884096456383,0.013383677536137452,0.018686210263663267,0.0405107683924055
16,16,0.9,,16.0,1.538900550046006,1.3322676295501878e-15,3.574375602596578,0.50390625,3.5199679841408,0.038905936794888546,0.26787010070627726,0.014523727449986932,-0.006018549955970728,0.05678120148293727
16,32,0.9,,16.0,1.5270790657131328,2.220446049250313e-15,5.0656817693904435,0.50390625,4.986328869474075,0.05592909356143951,0.20641342266297458,0.014735032892225455,0.06999377031752946,0.07804350584500262
16,64,0.9,,16.0,1.5255557177636536,3.552713678800501e-15,7.197750850884444,0.46875,7.066282308412495,0.08575550400730159,0.15479732188793038,0.014280725292696549,0.13038750698403329,0.10527000272286119
32,0,0.0,0.0,1.0,1.0,1.6653345369377348e-16,0.0,0.0,0.0,0.0,1.0,7.675337015330576e-18,0.0,0.0
32,1,0.0,0.1767766952966369,2.0,1.9064113509855116,1.8735013540549517e-16,0.18285903779529586,0.546875,0.15292184329501346,0.006278609046245455,0.9845880941069047,0.001091078043948906,-0.0019205611363211817,0.0022923955228774297
32,4,0.0,0.3535533905932738,5.0,3.8466317327401214,2.1684043449710089e-16,0.3598546700745699,0.5078125,0.3389596100515343,0.00756715459984778,0.9444914795986458,0.0022142605503191145,0.00026052213269122824,0.004040700246658862
32,16,0.0,0.7071067811865476,17.0,8.662887912083642,3.3306690738754696e-16,0.710666038188226,0.5390625,0.6970088479479812,0.00868283944620294,0.8185513213739296,0.0038566742192073775,-0.007364153513777512,0.007447431576746611
32,32,0.0,1.0,32.0,10.820896626995967,3.3306690738754696e-16,1.0075585827258684,0.51953125,0.9929464281610625,0.010706730232043707,0.7068444587252015,0.005497201792888884,-0.007846201724828361,0.010446932028237965
32,64,0.0,1.4142135623730951,32.0,12.952643361784862,5.828670879282072e-16,1.4105465854579746,0.53125,1.3962388979481979,0.01254929255150838,0.5760036478939818,0.006939756119156094,-0.01046532181246142,0.015617064708211018
32,128,0.0,2.0,32.0,14.25578782408864,1.5543122344752192e-15,1.9841434928566075,0.51171875,1.9673254365994908,0.016143477618620707,0.44355479679520504,0.008777846595160963,-0.01576241602310504,0.022532367746795526
32,0,0.5,,1.0,1.0,2.220446049250313e-16,0.0,0.0,0.0,0.0,1.0,7.271084179133245e-18,0.0,0.0
32,1,0.5,,2.0,1.6033641500467963,1.942890293094024e-16,0.5,0.51953125,0.5,6.319392680222759e-18,0.895306410837766,0.0009557184430463876,-0.0014172306388145232,0.005446338202913589
32,4,0.5,,5.0,2.8861186613707543,2.636779683484747e-16,1.014895417475752,0.51171875,1.0086277475881815,0.007052401957245456,0.7048701489683843,0.004275533015610484,0.0049739823034260985,0.010115062766100252
32,16,0.5,,17.0,5.6895974666602305,4.440892098500626e-16,2.0312386880017135,0.5078125,2.016405218130225,0.015344489198191633,0.4385405136874233,0.008488538345245437,-0.0055678081651365716,0.021759376966682963
32,32,0.5,,32.0,6.943292388017216,8.881784197001252e-16,2.8617412802145927,0.47265625,2.8362569267135442,0.0238631556641152,0.3263910989460852,0.009586803598183122,-0.007140758333024442,0.03147273196424077
32,64,0.5,,32.0,8.164089659130907,1.5543122344752192e-15,3.9971420222257072,0.50390625,3.9673274802625595,0.030515634706712556,0.22830031611807725,0.010289996405899065,-0.05025681139765317,0.04500815107437835
32,128,0.5,,32.0,9.285069406863306,3.1086244689504383e-15,5.594154645407106,0.5,5.546224731140241,0.04575970607072864,0.16677775619313367,0.01073837949717501,-0.0443882013860664,0.06283294895902874
32,0,0.9,,1.0,1.0,1.6653345369377348e-16,0.0,0.0,0.0,0.0,1.0,7.675337015330576e-18,0.0,0.0
32,1,0.9,,2.0,1.0849377530130848,2.7755575615628914e-16,0.9000000000000001,0.48046875,0.9000000000000001,1.0670353635765979e-17,0.7435020001798632,0.003366555152684468,0.006132427980742773,0.01012432833829233
32,4,0.9,,5.0,1.348314793282351,3.3306690738754696e-16,1.8039892759946037,0.47265625,1.79324627571471,0.012310541081569388,0.49336332408615635,0.007502407033617008,0.028702762615696563,0.019614068077153726
32,16,0.9,,17.0,1.4946004774760602,8.881784197001252e-16,3.630454418065986,0.5078125,3.5996025272217986,0.02957615147333486,0.2761871970066493,0.009627228750330244,0.04605068671124725,0.03845786455621253
32,32,0.9,,32.0,1.5690355606593895,1.3322676295501878e-15,5.052125559258359,0.53515625,5.010418797555464,0.04056832240556339,0.191189716280789,0.010192677324463141,-0.008181612645932175,0.05496133246666155
32,64,0.9,,32.0,1.5771585453635035,3.552713678800501e-15,7.170874254504806,0.47265625,7.10519041150116,0.06064059309011511,0.14539861958192363,0.011002125910157722,0.058415652979955116,0.0824257129321529
32,128,0.9,,32.0,1.6904984578537459,4.884981308350689e-15,10.000564880724554,0.47265625,9.914704344810742,0.08188791211933465,0.10784635134832647,0.011187034006752762,0.10089430206538881,0.11570153249472503
64,0,0.0,0.0,1.0,1.0,2.220446049250313e-16,0.0,0.0,0.0,0.0,1.0,8.059338152588314e-18,0.0,0.0
64,1,0.0,0.125,2.0,1.9389637605222945,1.8388068845354155e-16,0.11647126920657568,0.44921875,0.090707338705977,0.004575182523079202,0.9935746004512805,0.0005917227781188782,0.00046746760028306246,0.0009286269090261602
64,8,0.0,0.3535533905932738,9.0,7.324627052864346,1.8041124150158794e-16,0.35078329781613765,0.51171875,0.3387856052230812,0.005695968894631576,0.9455763940632318,0.00165966864422226,0.0016089998751988295,0.002766704695960794
64,32,0.0,0.7071067811865476,33.0,16.5692092592412,3.3306690738754696e-16,0.6952001136120919,0.5390625,0.6879351855597301,0.006277372509904007,0.823162280220618,0.0029170502243595327,-0.0023572044087956006,0.005906358209855444
64,64,0.0,1.0,64.0,21.29855850119108,3.3306690738754696e-16,1.0080884910142758,0.5546875,1.0005673330578766,0.007697062778949447,0.7061802100593368,0.0036460025307745443,-0.003028156768812207,0.007751813721264507
64,128,0.0,1.4142135623730951,64.0,25.36046441010722,6.661338147750939e-16,1.4161902066510037,0.5078125,1.4087494955279085,0.009079077491376266,0.5777086018596322,0.004883737278157402,-0.00037215320147201535,0.011079709215187632
64,256,0.0,2.0,64.0,28.516415362952472,1.2212453270876722e-15,2.0049150246361296,0.46875,1.996267827398753,0.01164827973571154,0.44504280931926865,0.006200334109169961,-0.0028070434888835174,0.015848608304757185
64,0,0.5,,1.0,1.0,1.6653345369377348e-16,0.0,0.0,0.0,0.0,1.0,7.724381201349493e-18,0.0,0.0
64,1,0.5,,2.0,1.5902517628923876,1.942890293094024e-16,0.5,0.55078125,0.5,6.625697980768223e-18,0.8942012478091228,0.0006792522043842475,-0.004525567395570583,0.0038769171537595152
64,8,0.5,,9.0,4.449837939276635,2.7755575615628914e-16,1.4200161209776028,0.5625,1.4148682819142415,0.007565019774819677,0.568758580676415,0.004567521166500412,-0.0185678609183622,0.01032688898985558
64,32,0.5,,33.0,8.489538236641398,8.881784197001252e-16,2.8286430146785086,0.58203125,2.819192063686531,0.01446800561298131,0.3203027099885912,0.0065941798153171015,-0.03998035140770047,0.021426156566933606
64,64,0.5,,64.0,9.881354528351796,1.3322676295501878e-15,3.991947769705578,0.54296875,3.9761518957754527,0.022216677870519036,0.23088866687057347,0.007111550010491514,-0.045704842887165656,0.030935917867279616
64,128,0.5,,64.0,10.788529732294496,2.220446049250313e-15,5.657817614691901,0.53515625,5.633726249057588,0.032661586947833034,0.1620690634671289,0.0072474809674358855,-0.06826044545687429,0.04228318311393691
64,256,0.5,,64.0,10.420808182605356,3.9968028886505635e-15,7.991590534136861,0.48046875,7.956949566979812,0.04654632328293483,0.12612756966005362,0.0073895868450478235,0.014560079159244774,0.060290685051798576
64,0,0.9,,1.0,1.0,1.6653345369377348e-16,0.0,0.0,0.0,0.0,1.0,7.57629625933333e-18,0.0,0.0
64,1,0.9,,2.0,1.123438174026168,2.220446049250313e-16,0.9000000000000001,0.52734375,0.9000000000000001,1.1129408329137236e-17,0.7387506296109536,0.002372767857602879,-0.010885547950211688,0.0070859403330297294
64,8,0.9,,9.0,1.4050084757310564,4.440892098500626e-16,2.563756061211765,0.484375,2.5553368456996024,0.013000565057111555,0.37218298192324795,0.006177347017994632,0.03181369427919048,0.019319277476365845
64,32,0.9,,33.0,1.4520942458163617,1.3322676295501878e-15,5.122345505396232,0.5,5.104776655529992,0.02654472908862057,0.1888850792842689,0.007130410086006411,-0.010624810712573707,0.037681115500410915
64,64,0.9,,64.0,1.486179370817336,2.220446049250313e-15,7.189783172567842,0.54296875,7.162932931598144,0.03887505808413885,0.12557765284681804,0.006860439960860158,-0.09083718575677154,0.0499010107328425
64,128,0.9,,64.0,1.519774526880795,4.440892098500626e-15,10.157844696954701,0.5234375,10.118239699533648,0.05611732353658407,0.09073115273033104,0.007288179847227791,-0.07429450506627143,0.07563092799045949
64,256,0.9,,64.0,1.454100013282285,7.993605777301127e-15,14.416072742196521,0.55859375,14.354698357024247,0.0832145440518221,0.057580750480703435,0.007849552351945118,-0.15971582752508653,0.11347799524443135
104,0,0.0,0.0,1.0,1.0,1.6653345369377348e-16,0.0,0.0,0.0,0.0,1.0,8.059338152588314e-18,0.0,0.0
104,1,0.0,0.09805806756909202,2.0,1.9787808069622521,1.717376241217039e-16,0.09570595771320646,0.5,0.07712685780909176,0.0035485861013672035,0.9955410654622368,0.000369775920331884,0.00017676697816535012,0.0005641810478189276
104,13,0.0,0.3535533905932738,14.0,11.152050070603103,1.942890293094024e-16,0.35594449010332063,0.47265625,0.34656037272576445,0.0050845356049504095,0.9434032980443636,0.0015500460912322605,-0.00023925546159616544,0.0023002990785530022
104,52,0.0,0.7071067811865476,53.0,26.6718561258633,2.220446049250313e-16,0.7035068743334738,0.515625,0.6991848472477027,0.004875899761576806,0.817854112817283,0.0023575787547625428,-0.005748513633659468,0.004481501595664179
104,104,0.0,1.0,104.0,34.96488773869294,3.3306690738754696e-16,0.9863207502176083,0.5234375,0.9825869169978201,0.005369329331378664,0.7097111068827444,0.0029426510685100537,-0.009549651859750378,0.006022987415879591
104,208,0.0,1.4142135623730951,104.0,41.76098450380412,6.106226635438361e-16,1.4117345521048839,0.50390625,1.407066817429414,0.0071831548303659285,0.5795606717048345,0.0036092403160566298,0.001315367806169808,0.007847368108650927
104,416,0.0,2.0,104.0,46.25305389980017,1.5543122344752192e-15,1.9966466980374347,0.48828125,1.9912059201374597,0.009224226497849153,0.44890995346449747,0.004453557414920855,0.003191105814698809,0.01185225308565841
104,0,0.5,,1.0,1.0,1.6653345369377348e-16,0.0,0.0,0.0,0.0,1.0,7.62597742286495e-18,0.0,0.0
104,1,0.5,,2.0,1.6472943175565695,1.8561541192951836e-16,0.5,0.51953125,0.5,5.9698529968689e-18,0.8945915145903689,0.0005123403353948176,-0.0008405697308630623,0.002896048508499879
104,13,0.5,,14.0,5.980472692276264,3.885780586188048e-16,1.795100068768377,0.48828125,1.7909207908190845,0.00766632000175555,0.4857361849062476,0.004358066565383719,-0.002206824966148069,0.01058189455476542
104,52,0.5,,53.0,11.008224645926727,8.881784197001252e-16,3.6090496647366495,0.5234375,3.600300058909811,0.01572795292885517,0.2632299866582421,0.00531735241465255,-0.016058289547787975,0.020562253298717442
104,104,0.5,,104.0,11.935351368806975,1.3322676295501878e-15,5.097450527507454,0.48046875,5.084687660841217,0.02257477961806664,0.19047752757305952,0.005818725479667611,-0.009551557975673496,0.03068521085047234
104,208,0.5,,104.0,12.103779524361606,3.1086244689504383e-15,7.206758522976296,0.5078125,7.186741628352337,0.03361332461047201,0.13829958108024837,0.006481849627871057,0.01019096440455399,0.04776720672390552
104,416,0.5,,104.0,12.159584908736942,6.661338147750939e-15,10.20515922766982,0.46484375,10.183730635240078,0.04139267771598086,0.09926467490124269,0.0061695763831864404,0.02118975069684089,0.06364926106536897
104,0,0.9,,1.0,1.0,1.6653345369377348e-16,0.0,0.0,0.0,0.0,1.0,7.917520541381145e-18,0.0,0.0
104,1,0.9,,2.0,1.0963001092234441,1.942890293094024e-16,0.9000000000000001,0.46484375,0.9000000000000001,1.0696863871992929e-17,0.7473114831244392,0.0018083318649989692,0.013702754563140683,0.005464774810488277
104,13,0.9,,14.0,1.4452608585053737,6.661338147750939e-16,3.24148496513667,0.484375,3.2333742321886474,0.014350767394327705,0.3010568397216933,0.005413101861598186,0.024445129590571914,0.019726978573124745
104,52,0.9,,53.0,1.5005406493352287,1.7763568394002505e-15,6.499016137014144,0.46875,6.481975647428618,0.02945268424217186,0.16276902715668135,0.005761758042399369,0.07361837474237513,0.03894131749087189
104,104,0.9,,104.0,1.4858268659477287,3.9968028886505635e-15,9.199396339775815,0.45703125,9.176848005193783,0.040310252957969854,0.11429589673113182,0.005625290793910965,0.06453204705270166,0.05364990691168212
104,208,0.9,,104.0,1.528002931765782,6.217248937900877e-15,12.980480479027525,0.45703125,12.955597680473614,0.05030737708041616,0.08212507369295047,0.006036728413266853,0.07042439540633903,0.07861023700549827
104,416,0.9,,104.0,1.557427510309073,1.0658141036401503e-14,18.192504186414435,0.4765625,18.147522186448256,0.08006485275920472,0.054324506055902715,0.006080706721105771,-0.007809897443455491,0.11026967696619898
