run,step,segment,loss,accuracy,accuracy_percent
baseline_ng0,496,16,1.3342162370681763,0.4744406044483185,47.44406044483185
baseline_ng0,992,16,1.1744716167449951,0.5218943357467651,52.189433574676514
baseline_ng0,1488,16,1.0429704189300537,0.5695409774780273,56.954097747802734
baseline_ng0,2000,16,1.0260975360870361,0.5890239477157593,58.90239477157593
baseline_ng0,2496,16,1.077409029006958,0.5430170297622681,54.30170297622681
baseline_ng0,2736,16,1.049118995666504,0.5457175970077515,54.57175970077515
baseline_ng0,2864,16,1.072580099105835,0.5398341417312622,53.98341417312622
baseline_ng0,2992,16,1.036780834197998,0.5516974925994873,55.16974925994873
kv_interpolated_read_ng0,496,16,1.27711021900177,0.4964313507080078,49.64313507080078
kv_interpolated_read_ng0,992,16,1.0669547319412231,0.5704089403152466,57.04089403152466
kv_interpolated_read_ng0,1488,16,0.7843083143234253,0.7253086566925049,72.53086566925049
kv_interpolated_read_ng0,2000,16,0.503128170967102,0.8636188507080078,86.36188507080078
kv_interpolated_read_ng0,2496,16,0.40928903222084045,0.9064429402351379,90.6442940235138
kv_interpolated_read_ng0,2736,16,0.42622390389442444,0.900945246219635,90.0945246219635
kv_interpolated_read_ng0,2864,16,0.39472848176956177,0.9168596267700195,91.68596267700195
kv_current_only_ng0,496,16,1.2698174715042114,0.4951774775981903,49.51774775981903
kv_current_only_ng0,992,16,1.0123540163040161,0.6048418283462524,60.484182834625244
kv_current_only_ng0,1488,16,0.5505879521369934,0.8435571193695068,84.35571193695068
kv_current_only_ng0,2000,16,0.31467464566230774,0.9479166865348816,94.79166865348816
kv_current_only_ng0,2496,16,0.363435834646225,0.9297839403152466,92.97839403152466
kv_current_only_ng0,2736,16,0.3012233078479767,0.9527392387390137,95.27392387390137
kv_current_only_ng0,2864,16,0.2978927195072174,0.9494599103927612,94.94599103927612
kv_current_only_ng0,2992,16,0.3692537546157837,0.925250768661499,92.5250768661499
v17_no_address_norm,496,16,0.7932989597320557,0.7581983208656311,75.81983208656311
v17_no_address_norm,992,16,0.7636035084724426,0.7307099103927612,73.07099103927612
v17_no_address_norm,1488,16,0.42067939043045044,0.8728781342506409,87.28781342506409
v17_no_address_norm,2000,16,0.33001255989074707,0.9068287014961243,90.68287014961243
v17_no_address_norm,2496,16,0.45154523849487305,0.8595679402351379,85.9567940235138
v17_no_address_norm,2736,16,0.40692660212516785,0.8737461566925049,87.37461566925049
v17_no_address_norm,2864,16,0.5539275407791138,0.8067129850387573,80.67129850387573
v17_no_address_norm,2992,16,0.6205765008926392,0.7660108208656311,76.60108208656311
v17_no_norm_memory_read,496,16,1.2500163316726685,0.499035507440567,49.9035507440567
v17_no_norm_memory_read,992,16,1.1090130805969238,0.542438268661499,54.2438268661499
v17_no_norm_memory_read,1488,16,1.0370835065841675,0.5618248581886292,56.182485818862915
v17_no_norm_memory_read,2000,16,0.9968247413635254,0.5818865895271301,58.18865895271301
