run,reported_step,accuracy_step,v17_accuracy,kv_accuracy,difference_pp,v17_loss,kv_loss
baseline_ng0,250,240,0.4416,0.4200424551963806,-2.1557544803619377,1.5337,1.584960699081421
baseline_ng0,500,496,0.5078,0.4744406044483185,-3.3359395551681548,1.2932,1.3771015405654907
baseline_ng0,750,736,0.5425,0.4986497163772583,-4.385028362274168,1.1321,1.2538491487503052
baseline_ng0,1000,992,0.584,0.5218943357467651,-6.210566425323483,1.0902,1.26291823387146
baseline_ng0,1250,1248,0.6291,0.5590277910232544,-7.00722089767456,1.0771,1.3296408653259277
baseline_ng0,1500,1488,0.6783,0.5695409774780273,-10.875902252197267,0.8812,1.1334950923919678
baseline_ng0,1750,1744,0.7275,0.6021412014961243,-12.535879850387577,0.9042,1.198999047279358
baseline_ng0,2000,2000,0.779,0.5890239477157593,-18.997605228424074,0.5911,1.0260975360870361
baseline_ng0,2250,2240,0.7664,0.546875,-21.952499999999997,0.775,1.1682461500167847
baseline_ng0,2500,2496,0.7593,0.5430170297622681,-21.62829702377319,0.8659,1.210031509399414
baseline_ng0,2750,2736,0.8015,0.5457175970077515,-25.578240299224852,0.6909,1.0811301469802856
baseline_ng0,3000,2992,0.7563,0.5516974925994873,-20.460250740051265,0.7523,1.1266593933105469
baseline_ng0,3250,3248,0.806,0.551311731338501,-25.468826866149907,0.8674,1.2283927202224731
baseline_ng0,3500,3488,0.7818,0.5649113059043884,-21.688869409561164,0.6805,1.1055426597595215
baseline_ng0,3750,3744,0.8056,0.5604745149612427,-24.51254850387573,0.8276,1.0783860683441162
baseline_ng0,4000,4000,0.7867,0.5953896045684814,-19.13103954315185,0.5962,0.9343701601028442
baseline_ng0,4250,4240,0.8193,0.5997298955917358,-21.95701044082642,0.7537,0.9361414909362793
baseline_ng0,4500,4496,0.8297,0.6242283582687378,-20.54716417312622,0.8975,1.0520217418670654
baseline_ng0,4750,4736,0.8338,0.6154513955116272,-21.83486044883728,0.6968,0.9144178032875061
baseline_ng0,5000,4992,0.801,0.6165123581886292,-18.44876418113709,0.7631,0.8984925150871277
baseline_ng0,5250,5248,0.7789,0.6253857612609863,-15.351423873901371,0.8352,1.020808458328247
baseline_ng0,5500,5488,0.8215,0.6150655746459961,-20.643442535400393,0.6838,0.8896000385284424
baseline_ng0,5750,5744,0.8322,0.625578761100769,-20.6621238899231,0.8242,0.9449364542961121
baseline_ng0,6000,6000,0.8166,0.6051311492919922,-21.14688507080078,0.5437,0.8731765747070312
kv_complex_current_only_ng0,250,240,0.4416,0.39390432834625244,-4.769567165374755,1.5337,1.620206356048584
kv_complex_current_only_ng0,500,496,0.5078,0.3937114477157593,-11.408855228424075,1.2932,1.5589735507965088
kv_complex_current_only_ng0,750,736,0.5425,0.46730324625968933,-7.519675374031065,1.1321,1.3882087469100952
kv_complex_current_only_ng0,1000,992,0.584,0.4805169701576233,-10.348302984237668,1.0902,1.300525426864624
kv_complex_current_only_ng0,1250,1248,0.6291,0.49932485818862915,-12.977514181137085,1.0771,1.2774720191955566
kv_complex_current_only_ng0,1500,1488,0.6783,0.5342400074005127,-14.405999259948732,0.8812,1.2410693168640137
kv_complex_current_only_ng0,1750,1744,0.7275,0.581500768661499,-14.599923133850101,0.9042,1.0165280103683472
kv_complex_current_only_ng0,2000,2000,0.779,0.6243248581886292,-15.467514181137087,0.5911,0.8929265737533569
kv_complex_current_only_ng0,2250,2240,0.7664,0.6820988059043884,-8.430119409561154,0.775,0.8174139261245728
kv_complex_current_only_ng0,2500,2496,0.7593,0.7288773059844971,-3.0422694015502905,0.8659,0.9165310859680176
kv_complex_current_only_ng0,2750,2736,0.8015,0.7445987462997437,-5.690125370025633,0.6909,0.7100586295127869
kv_complex_current_only_ng0,3000,2992,0.7563,0.688078761100769,-6.822123889923093,0.7523,0.8877206444740295
kv_complex_current_only_ng0,3250,3248,0.806,0.7194252014160156,-8.657479858398442,0.8674,0.8625636696815491
kv_complex_current_only_ng0,3500,3488,0.7818,0.7513503432273865,-3.0449656772613576,0.6805,0.6584847569465637
kv_complex_current_only_ng0,3750,3744,0.8056,0.7658179402351379,-3.9782059764862043,0.8276,0.8113596439361572
kv_complex_current_only_ng0,4000,4000,0.7867,0.7848186492919922,-0.18813507080077674,0.5962,0.5720303058624268
kv_complex_current_only_ng0,4250,4240,0.8193,0.8358410596847534,1.654105968475339,0.7537,0.7417696118354797
kv_complex_current_only_ng0,4500,4496,0.8297,0.6988811492919922,-13.08188507080078,0.8975,0.8173639178276062
kv_complex_current_only_ng0,4750,4736,0.8338,0.7701581716537476,-6.364182834625243,0.6968,0.7248356938362122
kv_complex_current_only_ng0,5000,4992,0.801,0.8048804402351379,0.3880440235137894,0.7631,0.7607113122940063
kv_complex_current_only_ng0,5250,5248,0.7789,0.7405478358268738,-3.8352164173126257,0.8352,0.7884729504585266
kv_complex_current_only_ng0,5500,5488,0.8215,0.7976466417312622,-2.38533582687378,0.6838,0.7208548188209534
kv_complex_current_only_ng0,5750,5744,0.8322,0.7866512537002563,-4.55487462997437,0.8242,0.7657120227813721
kv_complex_current_only_ng0,6000,6000,0.8166,0.8131752014160156,-0.34247985839843675,0.5437,0.4941093623638153
kv_current_only_ng0,250,240,0.4416,0.44589120149612427,0.4291201496124275,1.5337,1.5243231058120728
kv_current_only_ng0,500,496,0.5078,0.4951774775981903,-1.2622522401809722,1.2932,1.3305262327194214
kv_current_only_ng0,750,736,0.5425,0.5426311492919922,0.013114929199220526,1.1321,1.1517781019210815
kv_current_only_ng0,1000,992,0.584,0.6048418283462524,2.084182834625248,1.0902,1.1481066942214966
kv_current_only_ng0,1250,1248,0.6291,0.7306134700775146,10.151347007751465,1.0771,1.19669771194458
kv_current_only_ng0,1500,1488,0.6783,0.8435571193695068,16.52571193695068,0.8812,0.6940295100212097
kv_current_only_ng0,1750,1744,0.7275,0.883391261100769,15.5891261100769,0.9042,0.8748188614845276
kv_current_only_ng0,2000,2000,0.779,0.9479166865348816,16.891668653488157,0.5911,0.31467464566230774
kv_current_only_ng0,2250,2240,0.7664,0.9445409178733826,17.81409178733826,0.775,0.600977897644043
kv_current_only_ng0,2500,2496,0.7593,0.9297839403152466,17.048394031524662,0.8659,1.018549919128418
kv_current_only_ng0,2750,2736,0.8015,0.9527392387390137,15.123923873901369,0.6909,0.42828214168548584
kv_current_only_ng0,3000,2992,0.7563,0.925250768661499,16.895076866149907,0.7523,0.7083678841590881
kv_current_only_ng0,3250,3248,0.806,0.9579475522041321,15.194755220413203,0.8674,0.9793071150779724
kv_current_only_ng0,3500,3488,0.7818,0.9384645223617554,15.666452236175532,0.6805,0.5324996113777161
kv_current_only_ng0,3750,3744,0.8056,0.9202353954315186,11.463539543151857,0.8276,0.798030436038971
kv_current_only_ng0,4000,4000,0.7867,0.9311342835426331,14.443428354263311,0.5962,0.315830796957016
kv_current_only_ng0,4250,4240,0.8193,0.9255401492118835,10.624014921188351,0.7537,0.5688661932945251
kv_current_only_ng0,4500,4496,0.8297,0.9174383282661438,8.773832826614381,0.8975,1.0543802976608276
kv_current_only_ng0,4750,4736,0.8338,0.9326775074005127,9.88775074005127,0.6968,0.41913580894470215
kv_current_only_ng0,5000,4992,0.801,0.9092400074005127,10.824000740051265,0.7631,0.7083306312561035
kv_current_only_ng0,5250,5248,0.7789,0.9468556642532349,16.795566425323482,0.8352,0.9285172820091248
kv_current_only_ng0,5500,5488,0.8215,0.8879244327545166,6.64244327545166,0.6838,0.5200499892234802
kv_current_only_ng0,5750,5744,0.8322,0.9203317761421204,8.81317761421203,0.8242,0.8466054797172546
kv_current_only_ng0,6000,6000,0.8166,0.9129050970077515,9.630509700775146,0.5437,0.3703951835632324
kv_current_plus_stdp_ng0,250,240,0.4416,0.45283567905426025,1.1235679054260261,1.5337,1.5125595331192017
kv_current_plus_stdp_ng0,500,496,0.5078,0.4920910596847534,-1.5708940315246611,1.2932,1.3324791193008423
kv_current_plus_stdp_ng0,750,736,0.5425,0.5291280746459961,-1.3371925354003888,1.1321,1.166286826133728
kv_current_plus_stdp_ng0,1000,992,0.584,0.5829474925994873,-0.10525074005126589,1.0902,1.165626883506775
kv_current_plus_stdp_ng0,1250,1248,0.6291,0.6793981790542603,5.029817905426026,1.0771,1.1074674129486084
kv_current_plus_stdp_ng0,1500,1488,0.6783,0.7344714403152466,5.617144031524656,0.8812,0.7637097239494324
kv_current_plus_stdp_ng0,1750,1744,0.7275,0.8598573207855225,13.235732078552243,0.9042,0.9270783066749573
kv_current_plus_stdp_ng0,2000,2000,0.779,0.8544560670852661,7.545606708526609,0.5911,0.5061542391777039
kv_current_plus_stdp_ng0,2250,2240,0.7664,0.9136767387390137,14.72767387390137,0.775,0.708116888999939
kv_current_plus_stdp_ng0,2500,2496,0.7593,0.9369212985038757,17.762129850387577,0.8659,1.066491723060608
kv_current_plus_stdp_ng0,2750,2736,0.8015,0.8989197611808777,9.74197611808777,0.6909,0.6207460165023804
kv_current_plus_stdp_ng0,3000,2992,0.7563,0.9060571193695068,14.975711936950686,0.7523,0.7126869559288025
kv_interpolated_read_ng0,250,240,0.4416,0.45109954476356506,0.9499544763565071,1.5337,1.5188045501708984
kv_interpolated_read_ng0,500,496,0.5078,0.4964313507080078,-1.1368649291992217,1.2932,1.3304911851882935
kv_interpolated_read_ng0,750,736,0.5425,0.5195795297622681,-2.2920470237731916,1.1321,1.183590054512024
kv_interpolated_read_ng0,1000,992,0.584,0.5704089403152466,-1.3591059684753382,1.0902,1.1793100833892822
kv_interpolated_read_ng0,1250,1248,0.6291,0.6511380672454834,2.2038067245483406,1.0771,1.260062575340271
kv_interpolated_read_ng0,1500,1488,0.6783,0.7253086566925049,4.700865669250486,0.8812,0.935127317905426
kv_interpolated_read_ng0,1750,1744,0.7275,0.7719907760620117,4.449077606201168,0.9042,1.0565235614776611
kv_interpolated_read_ng0,2000,2000,0.779,0.8636188507080078,8.46188507080078,0.5911,0.503128170967102
kv_interpolated_read_ng0,2250,2240,0.7664,0.9122298955917358,14.582989559173587,0.775,0.7167060971260071
kv_interpolated_read_ng0,2500,2496,0.7593,0.9064429402351379,14.714294023513796,0.8659,1.039449691772461
kv_interpolated_read_ng0,2750,2736,0.8015,0.900945246219635,9.944524621963502,0.6909,0.5294448733329773
v17_no_address_norm,250,240,0.4416,0.5101273059844971,6.852730598449708,1.5337,1.338457465171814
v17_no_address_norm,500,496,0.5078,0.7581983208656311,25.03983208656311,1.2932,1.3611098527908325
v17_no_address_norm,750,736,0.5425,0.7906057238578796,24.810572385787964,1.1321,0.7907780408859253
v17_no_address_norm,1000,992,0.584,0.7307099103927612,14.670991039276126,1.0902,1.0818350315093994
v17_no_address_norm,1250,1248,0.6291,0.8822338581085205,25.31338581085205,1.0771,1.151087760925293
v17_no_address_norm,1500,1488,0.6783,0.8728781342506409,19.457813425064085,0.8812,0.6640805006027222
v17_no_address_norm,1750,1744,0.7275,0.8599537014961243,13.245370149612423,0.9042,1.0140182971954346
v17_no_address_norm,2000,2000,0.779,0.9068287014961243,12.782870149612425,0.5911,0.33001255989074707
v17_no_address_norm,2250,2240,0.7664,0.9185956716537476,15.219567165374759,0.775,0.6928490996360779
v17_no_address_norm,2500,2496,0.7593,0.8595679402351379,10.026794023513796,0.8659,0.9361538887023926
v17_no_address_norm,2750,2736,0.8015,0.8737461566925049,7.22461566925049,0.6909,0.583958625793457
v17_no_address_norm,3000,2992,0.7563,0.7660108208656311,0.9710820865631131,0.7523,0.8175069689750671
v17_no_address_norm,3250,3248,0.806,0.8749035596847534,6.890355968475337,0.8674,0.8840711116790771
v17_no_address_norm,3500,3488,0.7818,0.8429784774780273,6.117847747802729,0.6805,0.6409579515457153
v17_no_address_norm,3750,3744,0.8056,0.8324652910232544,2.686529102325441,0.8276,0.8969461917877197
v17_no_address_norm,4000,4000,0.7867,0.8222415447235107,3.5541544723510787,0.5962,0.5161858797073364
v17_no_address_norm,4250,4240,0.8193,0.8687307834625244,4.943078346252438,0.7537,0.7316027879714966
v17_no_address_norm,4500,4496,0.8297,0.8467400074005127,1.7040007400512702,0.8975,0.8756890892982483
v17_no_address_norm,4750,4736,0.8338,0.8279321193695068,-0.586788063049315,0.6968,0.6080079078674316
v17_no_address_norm,5000,4992,0.801,0.837577223777771,3.657722377777095,0.7631,0.7749109864234924
v17_no_address_norm,5250,5248,0.7789,0.8231096267700195,4.420962677001949,0.8352,0.8555063009262085
v17_no_address_norm,5500,5488,0.8215,0.8138503432273865,-0.7649656772613533,0.6838,0.6541910171508789
v17_no_address_norm,5750,5744,0.8322,0.8612076044082642,2.900760440826411,0.8242,0.8867473006248474
v17_no_address_norm,6000,6000,0.8166,0.8269676566123962,1.0367656612396248,0.5437,0.4981335699558258
v17_no_norm_memory_read,250,240,0.4416,0.48591822385787964,4.431822385787965,1.5337,1.3755559921264648
v17_no_norm_memory_read,500,496,0.5078,0.499035507440567,-0.8764492559433013,1.2932,1.3382230997085571
v17_no_norm_memory_read,750,736,0.5425,0.526813268661499,-1.5686731338500959,1.1321,1.175024390220642
v17_no_norm_memory_read,1000,992,0.584,0.542438268661499,-4.1561731338500945,1.0902,1.2110263109207153
v17_no_norm_memory_read,1250,1248,0.6291,0.5539159178733826,-7.518408212661742,1.0771,1.1993595361709595
v17_no_norm_memory_read,1500,1488,0.6783,0.5618248581886292,-11.647514181137087,0.8812,1.0839558839797974
v17_no_norm_memory_read,1750,1744,0.7275,0.5704089403152466,-15.709105968475345,0.9042,1.1050881147384644
v17_no_norm_memory_read,2000,2000,0.779,0.5818865895271301,-19.71134104728699,0.5911,0.9968247413635254
v17_no_norm_memory_read,2250,2240,0.7664,0.5726273059844971,-19.37726940155029,0.775,1.0493193864822388
