run,step,samples,loss,accuracy,exact
baseline_ng0,512,16,1.4135392159223557,0.46301722899079323,0.0
baseline_ng0,1008,16,1.2100655362010002,0.5115318968892097,0.0
baseline_ng0,1504,16,1.0848816856741905,0.5573399029672146,0.0
baseline_ng0,2000,16,0.9820745475590229,0.6016529276967049,0.0
baseline_ng0,2496,16,1.0560259073972702,0.5494611002504826,0.0
baseline_ng0,2992,16,1.04130257666111,0.5484363064169884,0.0
baseline_ng0,4000,16,0.953942384570837,0.5790051184594631,0.0
baseline_ng0,5008,16,0.8593958951532841,0.6123288050293922,0.0
baseline_ng0,6000,16,0.8431598953902721,0.618423268198967,0.0
kv_historical_key_trace_ng0,512,16,1.4140554144978523,0.46305941976606846,0.0
kv_historical_key_trace_ng0,1008,16,1.2089457213878632,0.5126651786267757,0.0
kv_historical_key_trace_ng0,1504,16,1.0759640783071518,0.5593834482133389,0.0
kv_historical_key_trace_ng0,2000,16,1.0164946503937244,0.5828752033412457,0.0
kv_historical_key_trace_ng0,2496,16,1.0533402860164642,0.5491657219827175,0.0
kv_historical_key_trace_ng0,2992,16,1.0274938568472862,0.5540063343942165,0.0
kv_historical_key_trace_ng0,4000,16,0.9160177707672119,0.5989643558859825,0.0
kv_historical_key_trace_ng0,5008,16,0.8414236046373844,0.6248854659497738,0.0
kv_historical_key_trace_ng0,6000,16,0.7997855879366398,0.639937799423933,0.0
kv_read_gain_quarter_ng0,512,16,1.4115786701440811,0.46445795707404613,0.0
kv_read_gain_quarter_ng0,1008,16,1.300232082605362,0.47793089784681797,0.0
kv_read_gain_quarter_ng0,1504,16,1.270412415266037,0.48497782833874226,0.0
kv_read_gain_quarter_ng0,2000,16,1.1009951159358025,0.5476707182824612,0.0
kv_read_gain_quarter_ng0,2496,16,1.0049993842840195,0.5964084193110466,0.0
kv_read_gain_quarter_ng0,2992,16,1.0439739227294922,0.5680218040943146,0.0
